Mohomed Hisham,Fang,"Palo Alto, California"
Karim,Campos,"Peru, PE"
Federico,Ramirez,"Dubai, United Arab Emirates"
BunSong,Tunçalp,"Santiago, Chile"
Stefania,Barry,"Innri Njarðvík, Gullbringusysla, Iceland"
Sangeeta,Mojtabaei,"Singapore, Singapore"
Karlz,Wolfe,"Saint Petersburg, Russia"
Johny,Vinet,"Temuco, Chile"
Jonathon,Feldman,"Sahiwal, Punjab, Pakistan"
Yongxue,Smith,"Seattle, Washington"
Juliana,O'Donnell,Valencia
Swapnil,Chavan,"Lenexa, Kansas"
Ashutosh,Silveira Pereira,"Washington, District of Columbia"
Harkaran,Basem,"Rio de Janeiro, Rio de Janeiro"
Carol,Antonia,"Saint-Laurent, Quebec"
Zerub,Kumar Modi,"Santiago, Chile"
Ahmed,Time,"Dubai, United Arab Emirates"
Isabel,Guo,"Valles, San Luis Potosi, Mexico"
Felipe,Galvão,Galati
Julio Cezar,Vásquez Keith,"Melbourne, Victoria, Australia"
Nicolò,Henriquez Campos,"Las Vegas, Nevada Area, US"
Nicolette,Rodriguez,"New Delhi, India"
Marcus,Herrmann,"Stockholm, Sweden"
Miguel Ángel,Kühne,"Albuquerque, New Mexico"
Tingting,Cornejo Saavedra,Porto Alegre
Ishara,Smolina,"Helsinki, Finland"
Corazon,Elhamdadi,"Chile, CL"
Mel,Abarca,"Zheleznodorozhny, Moscow Oblast"
Vipul,Gibson,"San Francisco Bay Area, US"
Sang,Murphy,"Prince George, British Columbia"
Natasha,Suleeva,"Pinecrest, Florida"
Jessica,Shi,"Tula, Russia"
Ritika,Inostroza Ortiz,"Pérama, Attiki, Greece"
Mikhail,Fedorenkova,"New York, New York"
Ed,Nicholas,"Seattle, Washington"
Amanda,Goftani,"San Sebastián, Pais Vasco, Spain"
Eduard,Skn,"Toronto, Ontario"
Josefina,Sinha,"Chile, CL"
Jorge,Paola,"Santiago, Chile"
Dante,"Ungureanu, Assoc CIPD","Pleasant Hill, California"
Tarang,Encinas,"Bogotá, Colombia"
Jay,Collins,"Lima, Peru"
Yuji,Alcas,"Mexico City, Mexico"
Souvik,Jain,"Seattle, Washington"
Lana,Dakhch,"Resguardo De Copiapó, Atacama, Chile"
Edgar,Vera Valenzuela,"Palmira, Valle del Cauca"
Sebastian,Han,"Dublin, Ireland"
Rachel,Soto Castro,Point Fortin
Maynor,李,"Santiago, Chile"
Jared,Diaz,"Alexandria, Egypt"
Mia,Yu,"Chachapoyas, Peru"
Evi,Morales del Piñal de Castilla,"Caballito, Distrito Federal, Argentina"
James,Wee,"Providencia, Chile"
Luis,Badkook,"Mulhouse, France"
Joffre,Rishi,"Olivos, Buenos Aires"
Oscar,Ibrahim,"Buenos Aires, Argentina"
Arnaldo,Min,"Nantes, France"
Juan,Wanjiku,"Koto-ku, Tokyo, Japan"
Anton,Aguayo Cortés,"San Pedro de Atacama, Chile"
Shary,Rodriguez Franco,"Lucknow Area, India, IN"
Abhishek,Rerra,"Bucharest, Romania"
Ethan Yi,Carelse,Hillerød
Shuree,Asanapuram,Maringá
Alex,Zobrist,"Boston, Massachusetts"
Franck,Marreros,"Shibuya, Tokyo"
Jennifer,Barillas,Singapore
Paupa,Banford,"Caracas, Venezuela"
Imr,Zamora Pacheco,"Jeddah, Saudi Arabia"
Dimitri,Belevtsev,"Phoenix, Arizona"
David,Silva,"San Francisco, California"
Martin,Mostafa ʚïɞ,"Wichita, Kansas"
Alek,de Velde,"Bucaramanga, Santander"
Niro,Barrow,"San Francisco, California"
Ghulam,Gonzales,"New York, New York"
Preston,Tuomela,"Enschede, Netherlands"
Gerardo,Nguyen,"San Marcos, Texas"
Samar,Rubio Moreno,"Constantine, Algeria"
Rayén,Suzarte,"Taipei, Taiwan"
Vish,Bueno,"Viña del mar, Chile"
Marcos,Pandey,"Santiago, Chile"
Subhendu,Zárate Miranda,"Monrovia, Liberia"
Ilya,Burattini,"Los Angeles, California"
Danielle,Henriquez,"Calcutta, India"
Windsor,Reid,"Chile, CL"
Camila,Dąbrowski,Porvoo
Cristobal,Vergara,"Bangkok, Thailand"
Lilian,Kázmér,Tomé
Hiro,Ferrer Garcia Godos,Melitopol
Kevin,Castro,"Alexandria, Egypt"
Mikhail,Shen,"Rio de Janeiro, Rio de Janeiro"
Gerardo,Tewari,"Barcelona Area, Spain, ES"
Marcos,Carvajal Martínez,"Alexandria, Egypt"
Diego,Yip,"Nairobi, Kenya"
Yuwono,Sheikh,Roncade
Mohanraja,Guerreiro,"Bangalore, India"
Eduardo,游,Singapore
Kathleen,Dauvin González,"Nizhni Novgorod, Russia"
Angela,Rocha,"Lima, Peru"
Artur,Flores Valenzuela,Enniskillen
Camilo,Samantha,"Hanoi, Vietnam"
Francesca,Figueroa Espinoza,"Concepción, Chile"
Amjad,Parker,Singapore
Cjk,Skandy,"Cali, Colombia"
Rahul,Tedla,"Santiago, Chile"
Ivan John,Avila,"Zagreb, Croatia"
Peter,Speckman,"Coyhaique Alto, Aisen Del General Carlos Ibanez Del Campo, Chile"
Ана,Brown,"Nairobi, Kenya"
Agon,Pries,"Santiago, Chile"
Ni MA,Swart,"León, Guanajuato"
Manisha,Hollossy,"Passaic, New Jersey"
Mufeed,Berrío Ríos,"Caracas, Venezuela"
Jay,Malissa,"Kensington, Maryland"
Cesar,Chaturvedi,"San Jose, California"
Regino,InhetPanhuis,"Santiago, Chile"
John,Mathiasson,"Baltimore, Maryland"
Dougal,Martin,"Chicago, Illinois"
Adam,Chayka,"Antofagasta, Chile"
David,Paul,"Punta Arenas, Chile"
Omar,Liborio,"Rio de Janeiro, Rio de Janeiro"
Anshul,Flies Del Campo,"Bryn Mawr, Pennsylvania"
Karla,Diaz,"Johannesburg, Gauteng"
Gagik,Singh,"Santiago, Chile"
David,Miklaševičiūtė,"Columbia, Maryland"
Jexuz,Turner,"Moscow, Russia"
Rafael,Nowzadic,"Peru, PE"
Жанна,Walker,"Chile, CL"
Laszlo,Ansari,"São Paulo, Brazil"
Shirley,Carmona Rosario,"Denver, Colorado"
Drit,Goray,"Surco, Lima, Peru"
Grigoriy,Portugal,"Mission Hills, California"
rvicente,Miranda,"Gold Coast, Queensland"
Sam,Pinheiro Rezende,"Fremont, California"
Anirudh,Hayworth,"Taichung, Taiwan"
Oleg,Guerrero Garcia,"Bhubaneswar, India"
AliReza,Klammsteiner,"Ghaziabad, India"
Paula,DeFino-Coscia,"Redmond, Washington"
Andrejs,Benitez O.,"Miami, Florida"
Vineesh U,Farzaneh,"Mountain View, California"
Alexandra,Suarez Guthrie,"Suffern, New York"
Veronica,Kessler,"American Fork, Utah"
Jean,Okrzesik,"Taichung, Taiwan"
Jenny,Almekdad,"Rio de Janeiro, Rio de Janeiro"
Jennifer,Melo,"Berkeley Heights, New Jersey"
Maciej,Jin,"Viña del mar, Chile"
Shayaan,Gupta,"Orem, Utah"
Matthew,Camargo Lominchar,"Chile, CL"
Bill,Tsvetovat,"Santiago, Chile"
Eric,Hardee,"Baroda, Gujarat, India"
Rakesh,JeanLouis,"Paris, France"
Sam,Durvesh,"Region VII - Central Visayas, Philippines, PH"
Ankush,Holben,"Kuala Lumpur, Malaysia"
Kevin,Tran,"Chengdu, Sichuan"
Pablo,Grigaravičiūtė,"Los Altos, California"
Dahiana,Torres Osorio,Zomergem
Patrick,Cortez,Leeds
heena,Saba,Panaji
Mrudula,Pereira,"Montreal, Quebec"
Danny,Cartes Toledo,"Pune, Maharashtra"
Tomasz,Eiras,"São Paulo, Brazil"
Lisandro,Savitskiy,"Toronto, Ontario"
Mari,Matthew,"Pittsburgh, Pennsylvania"
Vasilisa,Lisuk,"East Hanover, New Jersey"
Dinalva Amélia,Patel,"Rancagua, Chile"
Willy,Chokolate,"Taichung, Taiwan"
Vijay,Choongo,"Valparaíso, Chile"
Cesar Augusto,Ortega,"Santiago, Chile"
Fang-Ju,Chang,San Pedro La Laguna
Claudio,Salas Rivera,"Bhopal, Madhya Pradesh"
Sebastian,Gordeeva,"Westerly, Rhode Island"
André,Burdina,"Vancouver, British Columbia"
Tuấn,Lima,"Poznan, Poland"
Yulei,EzZat,"Ho Chi Minh City, Vietnam"
Gregory,Pereira,Sheffield
Fabricio,Harzu,"Oeiras, Portugal"
Sahar,Rind,"Rabat, Morocco"
Leonardo,Sol,"Ho Chi Minh City, Vietnam"
Kristin,Arabe,"Istanbul, Turkey"
Mahnaz,Prasad,"São Paulo Area, Brazil, BR"
Rinat,Usāns,"São Paulo, Brazil"
Jiger,Tejada,"Santiago, Chile"
Henning,Ray,"London, United Kingdom"
Em,Kanojia,"Bangalore, India"
Vishwas,Kulasekar,Hong Kong
Alexey,Saeznz ,"São Paulo, Brazil"
Jocelyn,Cruz,"Bogotá, Colombia"
Pankaj,Singh,"London, United Kingdom"
Srishti,Hessham,"Calcutta, India"
Karina,Heusser,Thessaloníki
Antonia María,Kutsenko,"Santiago, Chile"
Alfredo,Yabu,"Santiago, Chile"
Ana,Shumatov,"Dallas, Texas"
Rui Carlos,Ritaj,"Vienna, Austria"
Ana,Martínez Poveda,"Alexandria, Egypt"
Alex,Caro,"Magdeburg, Germany"
Alexander,Yan,"Hendersonville, Tennessee"
Anna,Temenggung,"Bunkyo-ku, Tokyo, Japan"
Miguel,Furnas,"Campinas, Sao Paulo"
Kara,Ramos,"Chile, CL"
Oscar,Rajyaguru,"Istanbul, Turkey"
Federico Daniel,Alydai,Villa María
David,López,Porto Alegre
Eduardo,Alvarez,"Queens, New York"
Adam,Shariff,"Valdivia, Chile"
Phiere,McGaw,"Tonalá, Jalisco"
Gerson,Rios,"Belo Horizonte, Brazil"
Melody,Vangapelli,"Chicago, Illinois"
Irina,Preyde,"Arica, Chile"
Aleksandr,Kay,"La Molina, Lima, Peru"
Lesley,Barrozo,"Prague, Czech Republic"
Tiago,Heiken,"Itu, Sao Paulo, Brazil"
Mikko,Chang,"Chile, CL"
Marcelo,Jain,"Amadavad, Gujarat, India"
Thepachai,Baroudi,"Callao, Peru"
Ana Patricia,Brunet,"Austin, Texas"
Tre,Ghose,"Sofia, Bulgaria"
Edwin Roberto,Ooi,"Mexico City Area, Mexico, MX"
Rommy,Berman,"Haverford, Pennsylvania"
Eva,Lundgren,"Belo Horizonte, Brazil"
Ignacio,Jensen,"New York, New York"
Jhony,Miranda Gonzalez,"Nantes, France"
Gianluca,Lym,Planeta Rica
Nathan,Docter,"Taichung, Taiwan"
Rodrigo,Renero,"Tallinn, Estonia"
Daniel,Lavalle,"Rio de Janeiro, Rio de Janeiro"
Sandra,Cooks,Debrecen
Carolina,Grablev,"La Serena, Chile"
Viviana,Ooms,"Santiago, Chile"
Ahmed,Sambrano,"Quellón, Chile"
Paula,Van Gogh,"Mumbai, Maharashtra, India"
Anoop,Khater,"Navi Mumbai (New Mumbai), India"
Hiral,Carpenter,"Girona, Spain"
Constanza,Meeuwenberg,"Godoy Cruz, Mendoza"
Petra,Soki,"Santiago, Chile"
Russo,Carroll,Brighton
Roberto,Agarwal,Delft
Lauri,Bloomer,"New York, New York"
Rachel,Chen,Saint Gallen
Jay,Goyal,"Rio de Janeiro, Rio de Janeiro"
Chinimoono,Bradao,"Yokohama-shi, Kanagawa, Japan"
Mahmood,Nadalin,"Bangkok, Thailand"
Mari,Varlik,"Menlo Park, California"
Cassia,Tanaka,"Amsterdam, Netherlands"
Fang-Ju,Ruparel,"Rio de Janeiro, Rio de Janeiro"
David,Hadrik,"Medellín, Antioquia"
Edgar Horacio,Williamson,"London, United Kingdom"
Dani,Muñoz,"Surabaya, Indonesia"
Mauricio,Duque,"Menlo Park, California"
Óscar,Garcia,"Campo Grande, Mato Grosso do Sul, Brazil"
Sonya,Lushpenko,"Brisbane, Queensland, Australia"
Felipe,Murillo,"Rio de Janeiro, Rio de Janeiro"
Dahiana,Diaz,"Chíos, Greece"
Gonzalo,Lam,"Moscow, Russia"
silverio baltazar,Caggiari,"San Francisco, California"
Chieko,DERAFUFLO,"Jodhpur City, Rajasthan, India"
Batbayar,Garfias,"Vancouver, British Columbia"
David Santiago,Cabezas,"Mexico City, Mexico"
Juan,Adams,"Kanpur, Uttar Pradesh"
Iraida,Gupte,"Prague, Czech Republic"
José-Tomás,Spiegeleire,"Turin, Italy"
Антон,Lê,"Budapest, Hungary"
Marcos,Villanueva,"Yerevan, Armenia"
Luis,Owens,"San Antonio De Belen, Heredia, Costa Rica"
Anna,Vislova,"New Delhi, India"
Miaomiao,Mesropyan,"Chisinau, Moldova"
Rob,Kason,"Seattle, Washington"
Luis,Paola,"Santiago, Chile"
Farnaz,Pissano,Libia
Krishna,Piva,"São Paulo, Brazil"
Arturas,D'Aprile,"Cairo, Egypt"
Syrgak,Sandoval,"Duarte, California"
Peter,Camacho-Carlos,"Menouf, Al Minufiyah, Egypt"
Diogo,Msd,"Lima, Peru"
Kevin,Hapoo,"Valparaíso, Chile"
Yixuan,Peric,"Klaipeda, Lithuania"
Maggy,AL-wazzan,"Nogales, Sonora, Mexico"
Daniel,Gomshad,"Mexico City, Mexico"
Fernando,Zamora,"San Francisco, California"
Sanusa,V.,"Moscow, Russia"
Prisci,Majumdar,"Austin, Texas"
Victor,Kim,"Tucson, Arizona"
Bassem,Dickinson,"Peru, PE"
Doanh,Wright,"Taichung, Taiwan"
Kshitij,Ávila,"Chile, CL"
Itai,Pacheco,"Ibagué, Tolima"
Ashutosh,Jun,"New York, New York"
Juan,Urrutia,"Stanford, California"
Alejandro,Kim,"Cairo, Egypt"
Wesley,Rocha,"Santiago, Chile"
Carlos,Kumar,Sincé
Yohei,van der Westhuizen,"Mexico City, Mexico"
Georg,Archontopoulos,"Karachi, Pakistan"
Elizabeth,Rebolledo,"Shanghai, China"
Alexandra,Hernández,"Concepción, Chile"
Mauricio,Gonzalez Ochoa,"Philadelphia, Pennsylvania"
Camila,Hudson,"Mexico City, Mexico"
Ivybyrd,Espinoza Zuloaga,"Atlanta, Georgia"
Cherysh,McCray,"Calama, Antofagasta"
Alex,Viltrakytė,"Aguascalientes Area, Mexico, MX"
Luan,Pike,"Belo Horizonte, Brazil"
Trevor,Liu,"Ovalle, Chile"
Gabriel,Reyes,Davao City
Dan,Колодкин,"Santiago, Chile"
Kathleen,Ong,"Sacramento, California"
Jimmy,Liu,"Tallinn, Estonia"
Subhransu,Sánchez Hernández,"Chile, CL"
Javier,Wadhwa,"Solvang, California"
Olivia,Kilroy,"Los Angeles, California"
Romain,Selmy,"New York, New York"
Juliet,Dávila Fernández,"Bucharest, Romania"
Brian,Osman,"Nashville, Tennessee"
Ramdas Mozhikunnath,McRoberts,"São Bernardo do Campo, Brazil"
Sergio,Concha Caicedo,"Saint Moritz, Graubunden, Switzerland"
Michelle,Elorza,"Zürich, Switzerland"
Fabio,Dillon,"Chile, CL"
Hanna,Ballao,"Seattle, Washington"
Jimena,Jatmiko,"Nice, France"
Tigranuhi,Chebotarev,"Dublin, Ireland"
Rachel,Reed,"San Francisco, California"
Jean,Lapov,"Palmira, Valle del Cauca"
Jooje,Sarz,"Fremont, California"
Stefano,Jajah,"Lviv, Ukraine"
Dee Dee,Chen-Ware,"Greater Seattle Area, US"
Bruno,Malkavian,"Winterthur, Switzerland"
Olger,Lee,"Valdivia, Chile"
Nilson,Al-Tayar,"Morelia, Mexico"
Đoàn Mạnh,Aljoharji,"New Delhi Area, India, IN"
Kazuya,Leiva,"Hanover, New Hampshire"
Camille,Cardoso,"Madrid, Spain"
Victoria,Böhlke,"Eldorado Springs, Colorado"
Muhammad,Freitas,Singapore
Anthony,Adrianzen Lopez,"Minsk, Belarus"
Marcela,Sánchez Andreo,"Viña del mar, Chile"
Ivan,林,"Moscow, Russia"
Alejandra,Morgan,"Meguro-ku, Tokyo, Japan"
Tomaž,Filippov,"San Francisco, California"
Eddy,Paul,"Gilgit, Pakistan"
Ngoc,Zhang,"Herákleion, Iraklion, Greece"
Iryna,Yadav,Singapore
Bruno,Valllés Juliá,"Pittsburgh, Pennsylvania"
Takuma,Trinh,"Sunnyvale, California"
Aline,Conran,"Cairo, Egypt"
Carlos,Palak,"Santiago, Chile"
Eric,Kim,"Champaign, Illinois"
Wladimir,Contreras,"Cartago, Costa Rica"
Danita,Moulai,"Kristiansand, Norway"
Narayan,White,"Chile, CL"
Silvia,Calloway,"Ho Chi Minh City, Vietnam"
Rashmi,Dang,"Ventura, California"
Jack,Durkheim,"Washington, District of Columbia"
Édouard,Bakun,"Recife, Brazil"
Monica,Freitas,"Bogotá, Colombia"
Fabiano,Zewail,"Buenos Aires, Argentina"
Naveen,Leite,"Aarhus, Denmark"
Heimer,Magni,"Santiago, Chile"
Benedictus,Guzman,"Moscow, Russia"
Quang,Vega Guzmán,"Sunnyvale, California"
Dominik,Yactayo,"Chile, CL"
Cristina,Valderrama Gómez,"Mexico City Area, Mexico, MX"
Aleix,Salazar,"Stockton, California"
Huiyi,Jensen Guzmán,"Bratislava, Slovakia"
Melissa,Johansson,"Chile, CL"
Anneke,Jaja,Singapore
Moshik,Carmitchel,"Pak Kred, Nonthaburi, Thailand"
Martin,Gutierrez Gagliardi,Shebin al-Kom
Gad,Mathur,"Kyiv, Ukraine"
Familia,Satinitigan,"Moscow, Russia"
Aditya,McNish,"Estonia, EE"
Tania,Anfimova,"Naples, Italy"
Cynthia,Fan,Makó
Sameer,Youssef,Porto Alegre
Chris,Tapia,"Amsterdam, Netherlands"
Ryan,Barbaros,"Tijuana, Baja California"
Ahmad,Yngleson,"Ho Chi Minh City, Vietnam"
Michael,Ruiz,"La Serena, Chile"
Eli,Delli Bovi,"Vienna, Austria"
Anton,Huang,"Boston, Massachusetts"
Stephen,Cubillos,"Stuttgart, Germany"
Stefan,Supino,"Alexandria, Egypt"
Artem,Chang,"Mexico City, Mexico"
Teri,Brigagao,"Budapest, Hungary"
Chg,Brînză,"Kyiv, Ukraine"
Irina,Wibowo,"Lima, Peru"
Grigory,Godoy,"Aguascalientes Area, Mexico, MX"
Alok,Kirma,Porto Alegre
Tarik,Tan,"Chile, CL"
Ha,Cleveland,"Santiago, Chile"
Cristian,Medina,"Belgrade, Serbia"
Ana,Nyariki,"Ra'anana, Israel"
App,Sendor,"Jacksonville, Florida Area, US"
Mong,Littman,"New York, New York"
Leo,Morgado de Almeida,"Wellington, New Zealand"
Abdukhakim,Prochniak,"Toronto, Ontario"
Suzel,Rao,"Lorena, Sao Paulo, Brazil"
Kyle,Mehra,"Buenos Aires, Argentina"
Mera,Contreras,"Istanbul, Turkey"
Andressa,Abubakar,"Croydon, United Kingdom, GB"
Diego,Al-Dabal,"Lima, Peru"
Cristobal,Sweet,"Cupertino, California"
Siva,Gibbons,"San Francisco, California"
Rie,Mateo,"Colombo, Sri Lanka"
Erich,Saavedra,"Mumbai, Maharashtra, India"
Maria,Wahab,"Santiago, Chile"
Dayson,Tarr,"Denver, Colorado"
東翰,Brejnak,"Quebec, Canada, CA"
Luis,Gacitúa López,"Moscow, Russia"
Miguel,Paupaita,"Kathmandu, Nepal"
Kim,Pampliega,"Växjö, Sweden"
Moxa,Skipnes,"Taipei, Taiwan"
Daryl,Cuenco,"Bangalore, India"
Matei,Coronado Diaz,"Santiago, Chile"
Andrew,"Ryan, CFA","Chile, CL"
Diego,Chuprakov,"Kampala, Uganda"
Jorge Luis,Flint,"Salta, Argentina"
Henrique,Gonzalez,"Niskayuna, New York"
Doaa,Prelle Navarro,"Vancouver, British Columbia"
Nelson,Pereira,"Birmingham, United Kingdom"
Grischa,Khilazhdinov,"Dehra Dun, India"
Gálffy,Biondi,"Bangkok, Thailand"
Luciano,Caracozza,"Riverhead, New York"
Camilo,Tenev,"Melbourne, Victoria, Australia"
Mauricio,Perry,"Sofia, Bulgaria"
Idan,Vytiaganets,"Mumbai, Maharashtra, India"
Satya Manoj,Krieg,"Coventry, United Kingdom"
Ricardo,Chang,"San Diego, California"
Kate,Jan,"Cuautitlán, Mexico, Mexico"
Erik,Riley,Singapore
Sk,Aman,"Calcutta, India"
Emre,Villalobos Araya,Pilani
Benjamin,Zhou,Tete
Paas,Mohedano Diaz,"Hamilton, Ontario"
Christian Esteban,Rpinedae,"Rio de Janeiro, Rio de Janeiro"
Sai,Letelier Alvarado,"Kyiv, Ukraine"
IlıSergio,Sioutzos,"Osorno, Chile"
Manindra,Sunathree,"Kolding, Denmark"
Bonny,Prabakar,"Chicago, Illinois"
Alfredo,Tanaka,"London, United Kingdom"
Andrei,Pike,"Santiago, Chile"
Vu,Zakharov,"Ghana, GH"
Vasyl,Arputhadas,"Kuala Lumpur, Malaysia"
Saurabh,Alcantara Condezo,"Santiago, Chile"
Marisol,Weyenberg,"Oakland, California"
Olivar,Bustos R,"Nizhni Novgorod, Russia"
Ilgiz,Siria,"Kalamazoo, Michigan"
Kazimieras,Önen,"Sorocaba, Brazil"
Vitor,Porter,"Sydney, Australia"
Yaara,Anwer,"Greater Chicago Area, US"
Juan Alejandro,Machao Undurraga,Guarenas
Kirby,Dutta,"Los Altos, California"
Oswy,Chow,"Donetsk, Ukraine"
João Ricardo,Gupta,"West Boylston, Massachusetts"
Alessandro,Bedim,Hérouville-Saint-Clair
Michelle,Howard,"Pacatuba, Ceara, Brazil"
Adam,Calvo Martínez,"Bogotá, Colombia"
Daniel,Myint Hein,"Belém, Brazil"
Daniela,Ng,"Nairobi, Kenya"
Pedro,Yacout,"Los Angeles, California"
Наталья,Mohamed,"Goolwa, South Australia"
Steve,Karthik,"Colina, Chile"
Loreto,Montevecchi,"La Serena, Chile"
George,Salden,"Bulgaria, BG"
Sanjay,Kung,Zielona Góra
Rama,McElfresh,"Hanoi, Vietnam"
Greg,Koh,"Athens, Greece"
Alfonso,Villanueva,"Austin, Texas"
Eng,Espíndola,"Los Angeles, California"
Alexandre,Gomes Medeiros,"Iquique, Chile"
Sandro,Nikulina,Ramallah
Firas,Dorval,"Austin, Texas"
Denis,Salcedo Bernier,"Vancouver, British Columbia"
Ben,Crawford,"Kyiv, Ukraine"
Ángela,ElSayed,"London, United Kingdom"
Venkataraghavan,Kooner,"Karlsruhe, Germany"
Ali,Li,"Chillán, Chile"
Andrea,Morneau,"Kalamazoo, Michigan"
Koka,LI,"Moscow, Russia"
Rafael,Antunes,"Malmö, Sweden"
Heidi,Perera,"Callao, Peru"
Philippe,Alshater,"Santiago, Chile"
Marcus,Ratto Hipolo,"Cairo, Egypt"
Lorenzo,Ion,Pattaya
Enrique,Cortez Gtz,"Saint Petersburg, Russia"
Linda,Rios,"Vancouver, British Columbia"
Bernabe,Romano,"Piura, Peru"
Polina,Chandra,"Baile Pucioasa, Dâmbovița, Romania"
Will,Montero,"Littleton, Colorado"
Keerthi,Chinmi,"Greenwood Village, Colorado"
Boubacar,Dollenz Vallet,"Houston, Texas"
Chinm,Melnik,"Palo Alto, California"
Karen,Patin.,"Tunisia, TN"
Evelyn,Hochstetter,"Marysville, California"
Vinayadhar,Степанов,"London, United Kingdom"
Herry,Athanasiou,"Coquimbo, Chile"
Wayne,Choukroun,"Medellín, Antioquia"
Nguyen,Mendes,"Santiago, Chile"
Fito,Albertson,"Tucson, Arizona"
Jose,Metz,"McKinney, Texas"
Silvano,Cortes,"San Francisco, California"
Pang,Fu,Vinhedo
Ieva,Elsom,"San Francisco, California"
Sanket,Salvador,Tanta
Gregory,de los Reyes,"Nigeria, NG"
Yuriy,Zhang,"Moscow, Russia"
David,Fernandez,"Chennai, Tamil Nadu"
Luis,vir,"University Park, Florida"
Renata,Arora,"Seoul, Korea"
Berna,Ribeiro,"Mumbai, Maharashtra, India"
Nicolás,Siu,"Ciudad Juárez, Mexico"
Jonathan,Aguilera,"Brooklyn, New York"
CaRo La,Zarin,"Acushnet, Massachusetts"
Rafael,Aecrim,"Cary, North Carolina"
Maycon,James,"Greater San Diego Area, US"
Jose,Luikens,"Syracuse, New York Area, US"
Francisco,SAUCEDO,"Menlo Park, California"
Pato,Mattosinhos,"Springfield, Illinois"
Marcelo,Freund,"Bucharest, Romania"
Nguyễn,Ivanova,"Oklahoma City, Oklahoma"
João Marcos,Valenzuela,"New York, New York"
Pulkit,Bybee,"Washington, District of Columbia"
Thiago,Osei,Uyo
Elise,Lee,"Mumbai, Maharashtra, India"
Anastasia,Cuasque,"Duncan, British Columbia"
Lee,Mij,"Calama, Antofagasta"
Manan,Onuoha,"Stellenbosch, Western Cape"
Nicolás,Askwith,"Hsinchu, Taiwan"
Mostafa,Olivares,"Beijing, China"
Ajit,Pérez Díaz,"Valparaíso, Chile"
Chen,Fuentes,Hong Kong
Mostafa,Romero,"Brasov, Romania"
Margareta,Kiran,"Chile, CL"
Jiusi,Đoàn,"Rio de Janeiro, Rio de Janeiro"
Emre,Livneh,"Mérida, Yucatan"
Weider,Rosenblatt,Juiz de Fora
Movimiento,Gonzalez,"Santiago, Chile"
Garrett,Risi,"Mountain View, California"
Aik Khoon,Ordóñez,"Quito, Ecuador"
Renê,Lykov,"Woodinville, Washington"
Andrés,Baidya,"San Diego, California"
Elena,Nagy,"Morón, Buenos Aires"
Catalin,Bradnock Gallardo,"Houston, Texas"
Bonita,Rerra,"Roswell, Georgia"
Mohamed,Salazar,"Seoul, Korea"
Eiji,Moner,"Quilicura, Chile"
Mauricio,Borić,"Mumbai Area, India, IN"
Praveen,Ponomaryova,"Diadema, Sao Paulo"
Yaoxiang,Kozlovskis,"São Paulo, Brazil"
Javier,Nerio,"Santiago, Chile"
Leonardo,Retana,"London, United Kingdom"
Haresh,Selvaraj,"Bangalore, India"
Patrick,Lastra Ravn,"Kyiv, Ukraine"
David,CC,"Temuco, Chile"
Hoang,Christian,"Lima, Peru"
Joan,Fuentes,"Aguascalientes Area, Mexico, MX"
Andy,Penvern,"New York, New York"
Edward Armando,Silvia,Atizapán de Zaragoza
Jorge,Silva,"Cairo, Egypt"
Matt,Moazzam,"Oklahoma City, Oklahoma"
Татьяна,Gamboa,"Seoul, Korea"
Marcin,Mandal,"Chile, CL"
Yuliana,Salas Streeter,"Bangalore, India"
Jeff,Bandeira,"Belo Horizonte, Brazil"
Marie,Yu,"Almere Stad Area, Netherlands, NL"
Sameh,Semej,"Villa Alemana, Chile"
Xander,Shan,"Seattle, Washington"
Arindam,Samrat,"Spartanburg, South Carolina"
Takashi,Berger,"São Paulo, Brazil"
Aramis A.,Garza,"São Paulo, Brazil"
Hector,Eckert,"Buenos Aires, Argentina"
Cristhian,Wendel,"Sulaimania, As Sulaymaniyah, Iraq"
Rubén,De Suze,"Vilnius, Lithuania"
Luciano,Van Der Schraft,"Popayán, Cauca"
Carlo,Bustamante Montenegro,"Lima, Peru"
Maína,Mogili,"Vilnius, Lithuania"
Nicolas,Momin,"Al Hafar, Ash Sharqiyah, Saudi Arabia"
Taylor,Zhu,"Santiago, Chile"
Neil,Paniagua Campos,"São Paulo, Brazil"
D Scott,Baker,Tingo María
Carl,Amortegui Tovar,"A Coruña Area, Spain, ES"
Uyen,Virgil Petrișor,"Antofagasta, Chile"
Alex,Vargas,"Lima, Peru"
Ximena Elisa,Gregorio,"Syracuse, New York"
Ernee,Shatvoryan,"Portland, Oregon"
Lee,Torlak,"Taipei, Taiwan"
Vitaliy,Landi,"Bogotá, Colombia"
Erin,Smith,"Odessa, Ukraine"
Burak,García,Krasnoyarsk
Jan,Monroy,"Egypt, EG"
Artur Pedro,Sirna,"Zutphen, Netherlands"
Minh,Segers,"Chandler, Arizona"
Ingrid,Azoudot,"Chennai, Tamil Nadu"
Alicia,Thomson,"Los Angeles, California"
Pratik,Lara,"McAllen, Texas"
Ines,Cruz,"Buenos Aires, Argentina"
Syed Owais,Alarcon,"Santiago, Chile"
Gio,Yashar,"Newcastle, New South Wales"
Nelson,Ortiz,"Brussels, Belgium"
Santiago,Kristine,"Venezuela, VE"
Sam,Bahamondes,"Istanbul, Turkey"
Juan Pablo,Lee,"Oklahoma City, Oklahoma"
Cedric,Swami,"Greater Detroit Area, US"
Edson,Pinto,"Bucharest, Romania"
Neeraj,Ho,"Mexico City, Mexico"
Trifyllis,Godoy,"Busan, South Korea"
Nick,Goyal,"Dongguan, Guangdong"
Sandra,Parker,"Rio de Janeiro, Rio de Janeiro"
Marta,"Blisard, MSN, RN-BC","Austin, Texas"
Rahul,SUPAL,Amstelveen
Cristina,Gong,"Kharkov, Ukraine"
Ahmed,KOUA,"San Lorenzo, Paraguay"
Jose,Vargas,"Nicosia, Cyprus"
Pratik,"Morton, MSA","Kolkata Area, India, IN"
Samuel,Duong,"Washington, District of Columbia"
Alejandro,Florido,"Taipei, Taiwan"
Priscila,Wong,"Catania, Italy"
Paulina,McLaughlin,"Mumbai, Maharashtra, India"
Ranjeet,Pallada,"Pakistan, PK"
Sohail,Cheong,"Cary, North Carolina"
Matheus,O'Connor,"Santiago, Chile"
Mauricio,Mejias,"Manila, Philippines"
Ben,Ahmed,"Medio Campidano Area, Italy, IT"
Shunjiro,Said,"Neve Tsedek, Tel Aviv, Israel"
Bret,Gonzalez,"Moscow, Russia"
Frank Christian,Angone,"Medford, Massachusetts"
Mostafa,Bulthuis,"San Bernardo, Chile"
Artem,Sanhueza,Goiânia
俊生,Alberto,"Ñuñoa, Chile"
Mayrely,Zuñiga,"Almería, Spain"
Tiffany,Jimmerson,"Anápolis, Brazil"
Ernest,Poberezhny,"Santiago, Chile"
Huỳnh,Alva,"Dhaka, Bangladesh"
Andres,Andrez,"New Delhi, India"
Anna,Hervias,"Concepción, Chile"
Luis,Celis,"Oslo, Norway"
Wil,Guerrero,"Yerevan, Armenia"
Hetal,Chandel,"New York, New York"
Ehab,"Singer, SCPM","Delhi, India"
Priscilla,Derby,São José dos Campos
Brian,Sanchez,"Yangon, Burma"
Vicente,Mugyenzi,Dutse
Helene,Hale,"Istanbul, Turkey"
Meng Chun,Dadlani,Barquisimeto
Dan,Mihailov,"Chicago, Illinois"
Chuck,Bui,"Sofia, Bulgaria"
Maricela,Jutard,"Bucharest, Romania"
Natasha,Bentley,"Andul, India"
Jakub,Sarathy,"Shanghai, China"
Juan Pablo,Bhatt,"Canoga Park, California"
Renata,Iancovici,"Seoul, Korea"
Siddik,Forman,"North Vancouver, British Columbia"
Edu,Mishra,"Santiago, Chile"
Ayub,Pinochet,"Assuit, Asyut, Egypt"
Priten,Delgado,"Santiago, Chile"
Juan,Mahtani,"Omsk, Russia"
Constantine,D'silva,"Caracas, Venezuela"
Jason,Roldann,"Barcelona, Spain"
Nycolle,Rabie,"Pattamundai, India"
Mariela,Reyes,"Santiago, Chile"
Ozawa,Papadimitriou,"Hamburg, Germany"
Möđĕ,Timofeev,"Cairo, Egypt"
Michal,Coyopae Oyarzo,"Iquique, Chile"
Igor,Moh,"Lahore, Pakistan"
Ahmed,Sim,"Santiago, Chile"
Paz,Johnson,Uberlândia
Jorge,Kre,"Mexico City, Mexico"
Kira,Crespo,"San Antonio, Texas"
Viktoriia,Aboukir,"Concepción, Chile"
Gino,de la Cerda,"Bangalore, India"
Paulo,Kaban,"La Romana, La Romana"
Wave,Germain,"Stockholm, Sweden"
Rodrigo,Carruthers,"Santiago, Chile"
monserrat,Pineda,"Perm, Russia"
Mohamed,Lee,"Dubai, United Arab Emirates"
Priyadeep,Cherian,"Copiapó, Atacama"
Uriya,Lake,"Moscow, Russia"
Nicolas,Beaird,"Santiago, Chile"
Impressions,Bianchini,"Greece, GR"
Preda,Gogel,Porto Alegre
Claudia Regina,Gianini,"Santiago, Chile"
Ankit,Téllez Rubio,Kópavogur
Ahmed,Darsono,"Chandigarh, India"
David,Abarca,"Iquique, Chile"
Alx,Pyschev,"Ann Arbor, Michigan"
Chad,Gamal,"Lima, Peru"
Steve,Gulati,"Dhahran, Ash Sharqiyah"
Tiago,Babarovich,"Iowa City, Iowa"
Vagan,Liu,"Tryon, North Carolina"
Ryan,Kwak,"Temuco, Chile"
Herb,Lopez Silva,"Moscow, Russia"
Artem,Pan,"Lima, Peru"
Gaurav,Mariano,"Los Órganos, Piura, Peru"
Lorena,Elgazar,"Belo Horizonte, Brazil"
Giovanny,Hulak,"Lisbon Area, Portugal, PT"
Michael,Goldstein,Hong Kong
Paulina,Bear,"Greater Boston Area, US"
Shobana,Dominichetti,"Mexico City, Mexico"
Oleg,Gm,"Dublin, Ireland"
Annisa,Flores,"Kowloon, Hong Kong"
Manuel,Fabian,"Vancouver, British Columbia"
Patrick G.,Sornoso,"Stavanger, Norway"
Petr,White,"Dublin, Ireland"
Alejandra,Erdoğmuş,"Viña del mar, Chile"
Harold,Summa,"Ulaanbaatar, Mongolia"
Chester Maitri,Bolaños,St. Louis
João,Parra,"Macao, China"
Fred,Zarzycka,"Bangalore, India"
Barbara,Collao Caceres,"Kyiv, Ukraine"
Chang,Tapper,"Port Louis, Mauritius"
Genine,Boeh,"Santiago, Chile"
Azadeh,Retamales,Logroño
Elena,Lempp,Cluj-Napoca
Jaime,Lancheros Currea,"São Paulo Area, Brazil, BR"
Binny,Vasylenko,"Austin, Texas"
Martin,Blakstad,"Bangalore, India"
Mahdi,Godinho,"Talcahuano, Chile"
Lucas,Ni,"Santiago, Chile"
Ivan,Stoyackiy,"Austin, Texas"
Maina,Poon,"Concepción, Chile"
Chrysa,Ho,Muntinlupa City
Shu,Hamida,"Lagos, Nigeria"
Albi,Mahboub,"Bujumbura, Burundi"
Andreas,Teodoro,"Toluca, Mexico"
Valentin,Correa,"Los Angeles, California"
Paola Andrea,Garcia,"San Mateo, California"
Viktor,Palestini,"Milan, Italy"
Mario,Anhorn,"Bangalore, India"
Mike,Hassan,"Jakarta, Indonesia"
Junfeng,Alarcón,"Bogotá, Colombia"
Ananya,Chan,"Santiago, Chile"
Saurabh,Xiong,"Santiago, Chile"
Rahul,Rodriguez,"Taipei, Taiwan"
Nadejda,Pajuelo Catalán,"Chile, CL"
Susan McHenry,Molen,"Santiago, Chile"
Takanori,Cyrus,"Mexico City, Mexico"
Yogesh,Ezat,"Milan, Italy"
Leandro Federico,Vostrikov,"Talca, Chile"
Joe,Borovoi,Kaduna
Marianna,Parrott,"Cairo, Egypt"
Qazi Tauseef,Martini,"Chennai, Tamil Nadu"
Dustin,Spectre,"Jurong East, Singapore"
Richard,Arrabi,"Cantonment, Florida"
Trisha,Neftali,"Cairo, Egypt"
Chen,Herrera,"Bethlehem, Pennsylvania"
Jing,Mohmed,"Jacksonville, Florida"
Mahmoud,Janjua,"Brooklyn, New York"
Mercy,Tyagi,"São Paulo, Brazil"
Juan,Abdullayeva,"Istanbul, Turkey"
Douglas,Brayanito,"Iquique, Chile"
Adam,Barreto,"Buenos Aires, Argentina"
Cristian,McDonald,Barranquilla
Damjan,Nawaz,"Singapore, Singapore"
Juan,Nguyen,"Lisbon, Portugal"
Zsuzsa,Idrissi,"Valdivia, Chile"
Umniyah,Hughes,"Palo Alto, California"
Amr,Bolaños Ch,"Curitiba, Brazil"
Alfonso,Justesen,Wannweil
Beto,Connor,"Chile, CL"
Felipe,Barghash,"Concepción, Chile"
Kamal,Hincapié,"Moscow, Russia"
Vaibhav,Lipkin,"Iquique, Chile"
Alex,Aires,"Amsterdam, Netherlands"
Cokhy,Trujillo Zuluaga,"Grass Valley, California"
Senthil,Yasser,"Valparaíso, Chile"
Rajesh,"Bottai, CAMS","Timișoara, Romania"
Brendon,Ali,"Cairo, Egypt"
Chuka,Reisch,"Odessa, Ukraine"
Kalina,Leão,"Lima, Peru"
Francisco,Fuentes Pinilla,"Fort Collins, Colorado"
Hugo,Ryan,Marsa Matruh
Isabel,CCh,"San Francisco, California"
Hassan,L S,"Ciudad De Valdivía, Los Lagos, Chile"
Diego,Al-Kady,"Islamabad, Pakistan"
Yin,Mononoke,"Bangalore, India"
Chispolino,Puigrredon,"Chile, CL"
Dasha,Rerra,"Lyon Area, France, FR"
Erum,Murillo Diaz,"Kyiv, Ukraine"
Dan,Baloleanu,"Santiago, Chile"
Nikita,Laskarzewski,"Abu Dhabi, United Arab Emirates"
Rian,Mckenzie,"Calcutta, India"
Paul,Jimenez Lopez,"Alexandria, Egypt"
Jennifer,Illesca,"Shanghai, China"
John,Cancelliere,"Niterói, Rio de Janeiro, Brazil"
Saran,Quynh,"Santiago, Chile"
La Cucina,Peeters,"Boulder, Colorado"
Chris,Kreger,"Brooklyn, New York"
Diego,Rojo Castro,"Ambato, Ecuador"
Leodan,Villalobos,"Curicó, Chile"
Darcy,Belenguer,Arequipa
Girish,Estis,"San Juan, Puerto Rico"
Kevin,Ranganathan,"Felton, California"
Matt,Shimon,"Copiapó, Atacama"
Keagan,Valenzuela,"Nairobi, Kenya"
Roberto,Buttigieg,"Santiago, Chile"
Tina,Tammineedi,Pasig
Carlos,Stoli,"Dallas/Fort Worth Area, US"
Andrés,Ildefonso,Zagazig
Enrique,Alenezi,"Ech Chlef, Chlef, Algeria"
Jack,Anand,"Talcahuano, Chile"
Roger,Vrábel,Nonthaburi
Kim,Rojas,"Chennai, Tamil Nadu"
Cori,Red,"Fort Worth, Texas"
Alvaro,Bhardwaj,"Cairo, Egypt"
Debasis,Malladi,"Santiago, Chile"
masahiro,Mignone,"Canberra, Australian Capital Territory"
Jose,Mountcastle,"Melbourne, Victoria, Australia"
Stella,Gorlatov,"Borlänge, Sweden"
Otter,Conte,"Irvine, California"
Alexander,Kosecki,"Odessa, Ukraine"
Leonardo,Shchigoleva,"Greater New York City Area, US"
Praveena,Panda,"Indore, India"
Luis,Brown,"Chile, CL"
Anand,Escobar,"New Delhi, India"
Zoe,Martínez Montes,"Nicosia, Cyprus"
Yoshiyuki,Kashino,"Sunnyvale, California"
Jennifer,Barros Bolaño,"Kampala, Uganda"
Rob,Thakkar,"Bogotá, Colombia"
Néstor,Shen,"London, United Kingdom"
Carol,Rossi,Pitesti
Arbaaz,Chang,"São Paulo, Brazil"
Vijai,A,"Armenia, Quindio"
Maurício,Oliveira,Tanta
Rafael,Molina-Riva,"Talca, Chile"
Israel,Bautista,"Dallas, Texas"
Alvaro,Golovko,"Viña del mar, Chile"
Uroš,Morton,"Peru, PE"
Yu,Cayulef Ojeda,"London, United Kingdom"
Felipe,Guzmansito,"Edinburgh, United Kingdom"
Gul,Chundi,"Colombia, CO"
Vo Ngoc,Kaskey,"Kyoto, Japan"
Lisa,Radina,"Cairo, Egypt"
Ravi,Mendes de Araujo,"Charlotte, North Carolina"
Felipe,Shpika,"Gainesville, Florida Area, US"
Chandrasekar,Robles,Porto Alegre
Eng-Sa'di,Theodosiou,"Munich, Germany"
Mohamed,Del Carmen,"Granada, Spain"
Lena,Vicencio,"Viña del mar, Chile"
Justin,Temo Gualy,Hong Kong
Alex,Reyes,"Buenos Aires, Argentina"
Serette,Meena,"Santiago, Chile"
Conrado,Henley,"Kyiv, Ukraine"
Viswanadh,Gajardo,"Salt Lake City, Utah"
Beth,Carrasco Argomedo,"Argos, Indiana"
Victor,Ahmed,"Omsk, Russia"
Praseed,Porto,"Ontario, Canada, CA"
Paul,Rojas Salazar,"Sevilla Area, Spain, ES"
Janessa Kim,Karalis,"Oslo, Norway"
Denis,Monteiro,"Barcelona, Spain"
MJ,Dame,"Milan, Italy"
Markiño,Pragash,"Kathmandu, Nepal"
Rome,Yevchenko,"São Paulo, Brazil"
Chris,Vlah,"Hefei, China"
Raghav,Povalyaev,Balikpapan
Brad,Iradukunda,"Burlingame, California"
Despoina,King,"Houston, Texas"
Alvaro,Thant,"Kennewick, Washington"
Kunal,Ling,"Brooklyn, New York"
Dimitris,Andee,"Chiguayante, Bio-Bio, Chile"
Rupert,Davchev,"Chesapeake, Virginia"
Pallavi,Candido,Roorkee
Rodrigo,Ernst,"Chile, CL"
Giana,Mattoso Pereira,"Goa, India"
Ayda,Lopez Cardona,"Tarzana, California"
Joe,Gīle,"Santiago, Chile"
Carolina Andrea,Gelin,"Copenhagen, Denmark"
Kimberly,Bravo,"Alameda, California"
Robin,Harrison,"Jakarta, Indonesia"
Gustavo Víctor,Basagoiti Azpitarte,"Peru, PE"
Olli,Cervantes,"New Delhi, India"
Billy,Pitura,"Chillán, Chile"
Trini,Valenz,"San Mateo, California"
Oscar,Rivera Díaz,"Antofagasta, Chile"
Mauricio,Prisyazhniuk,"San Francisco, California"
Brent,Joe,"Sydney, Australia"
Sanjay,Silver,"Maceió, Alagoas, Brazil"
Julian,Chadda,"Thailand, TH"
Tom,Uryutina,"Istanbul, Turkey"
Carolina,Meyer,"Palenque, Chiapas, Mexico"
Mirian,García,"Santiago, Chile"
Joaquin,Xu,"Versailles, France"
Felipe,Patel,"San Francisco, California"
Mauricio,Bravo,"Bangalore, India"
Kelly,Sonawane,"Monterrey Area, Mexico, MX"
Mariano,Ossandon,Cesena
Jean Francois,Surma,"Miami, Florida"
Chaitanya,de Esteban,"Birmingham, United Kingdom"
Nancy,Davis,"Shanghai, China"
Mane,Ionita,"Berlin, Germany"
Mauricio,Chordia,"Cairo, Egypt"
Katherine,Acosta Rey,"Chennai, Tamil Nadu"
mahdi,sastre,"Dublin, California"
Yuliya,Lee,"Ludhiana, Punjab, India"
Irfan,García,"Ambala, India"
Tiago,Rojas,"Imbâba, Al Qahirah, Egypt"
Sandra,Vivekananthan,"Greater Los Angeles Area, US"
Jack,Alt,"Berlin, Germany"
Miguel,BG,"Madrid, Spain"
Kevin,Amenabar,"Chile, CL"
Veldandi,Encarnacion Nova,"Recife, Brazil"
Natalia,Catalán Suazo,"Seattle, Washington"
Sam,Thomann,"Hanoi, Vietnam"
Ann,Driscoll,"Seattle, Washington"
Francisco,Prasad,"Viña del mar, Chile"
Chanel,Thai,"Chile, CL"
MaríadelPilar,Milan Souza,"Toronto, Ontario"
Juan Claudio,Ch,"Los Angeles, California"
Ryan,Silva,"Ecuador, EC"
Pushparaj,Soukhavong,"Bogotá, Colombia"
Christian,Castro,"London, United Kingdom"
Raúl,Vargas,Bournemouth
Ivan,Hietaranta,"Jakarta, Indonesia"
Nanette,Lopez,"San Francisco, California"
Mbaguta,Frederick,"Iquique, Chile"
Dominic,Miawpdfv,"Malmö, Sweden"
Malena,Kim,"Vancouver, British Columbia"
Suraj,Oliveira,"Leiden, Netherlands"
Christian,Jorquera,"Manaus, Amazonas"
Nelson,Salamadra,"Damascus, Syria"
YuFei,Moussa,"Tianjin, China"
Małgorzata,Ovsyanikov,"Bogotá, Colombia"
Kristaps,Moran,"Covington, Georgia"
Michael,Adetola,"Hanoi, Vietnam"
Mahesh,Dyba,Venado Tuerto
Miguel Enrique,Rivera-Perez,"La Paloma, Rocha, Uruguay"
Ben,Petersen,"Amsterdam, Netherlands"
Daisy,Gordillo,"Johannesburg, Gauteng"
Sami,Ziaee,Pandharpur
Yuhsin,Warner,Barranquilla
Andres,Van Der Beek,Tacna
Patricio,Dieli,"Saint Petersburg, Russia"
Sergios,Srivastava,"Chile, CL"
Mina,Diouf,"Santiago, Chile"
Irving,Arro,"San Francisco, California"
Joel,Ja,"Bellevue, Washington"
David,Ortiz Duque,"Santiago, Chile"
Rashmi,Ahlers,"Quezon City, Philippines"
Martin,Gutierrez Lillo,"Kathmandu, Nepal"
Mohamed,Galindo,"Taipei, Taiwan"
Michael,Hunter,Singapore
Alena,Mostafa,"Sunnyvale, California"
Christopher,Kreuger,"Budapest, Hungary"
Remar,Iqbal,"Stanford, California"
Drgon,Isikawa,"Los Angeles, California"
Kevin,Petru,"Boise, Idaho"
Senthil,Arce Ortega,"São Paulo, Brazil"
Alon,Zoehrer,"Maule, Chile"
Rasikh,Valdebenito,"Linares, Nuevo Leon"
Alline,Montgomery,"Sitka, Alaska"
Dan,Colvero Avini,"Karlskrona, Sweden"
Ray,Assem,"Santiago, Chile"
Erol,Lapides,"Cairo, Egypt"
Abhinav,Martínez,"New Delhi, India"
Mustafa,Sagar,"Amsterdam, Netherlands"
Stefano,Plate,"Sydney, Australia"
Ranjeet,Soria,"Bangalore, India"
Alexey,Hermawan,"Santiago, Chile"
Azkary,Morales Vargas,"Oaxaca, Oaxaca"
Pata,Слепов,"Bangalore, India"
Sabrina,Gerzon,"Mexico City, Mexico"
Payam,Hassan,"Madrid, Spain"
Vladimír,Muñoz,"Irvine, California"
Josh,Meyer,"Duitama, Boyaca"
Juan Enrique,Titov,"Taipei, Taiwan"
Laila,CIsneros,"London, United Kingdom"
Wiseman,Yahyaei,"Concepción, Chile"
Manish,Avila,Cluj-Napoca
Daniel,Figueroa,"Medellín, Antioquia"
Naveed,Moreno Moya,"Bangalore, India"
Allen,González,"Sarajevo, Bosnia and Herzegovina"
Rostyslav,Calixto,"Zagreb, Croatia"
Amaury,Reddy,"Moscow, Russia"
Chris,Sepulveda Castillo,"San Francisco, California"
Artem,Jain,"Chile, CL"
Jonas,Тютюнов,"Dhaka, Bangladesh"
Ananda,MARIN CHORQUES,"Santiago, Chile"
Ryan,Tereskin,"Seoul, Korea"
Amadea,Morley,"Durham, North Carolina"
Alexander,Loxton,"Reñaca, Valparaiso, Chile"
Victor Manuel,Chen,Torres Novas
Elena,Cerda,"Kharkov, Ukraine"
Romulo,Walkowska,"Heredia, Costa Rica"
Yudhishtar,Miroshnichenko,"New Delhi, India"
Federico,Bertram,"Athens, Greece"
Cristian,Rosenthal,"Ho Chi Minh City, Vietnam"
Barbara,Castro,"Dessouk, Kafr Ash Shaykh, Egypt"
Keyan,Bevzuk,"Ottawa, Canada Area, CA"
Erkka,Tiam,"La Serena, Chile"
Aaron,Rudyak,"San Francisco, California"
Will,Duong,"Kuching, Malaysia"
Eric Agnissan,Feng,"La Serena, Chile"
Petko,Ch,"Bangalore, India"
Mauricio,Dafogianni,"Manchester, United Kingdom, GB"
Mariluz,Capel Berenguer,"New York, New York"
Stuart,Mardones,Cork
Oscar,Ramirez Rivera,"Sydney, Australia"
Christine,Mohammed,"Dublin, California"
Ann Joan,Crandall,"Lille, France"
Natalie le,Sisteré,"Bucharest, Romania"
Victor,Vicente,"Walled Lake, Michigan"
Mirely,Ahmed,"San Francisco Bay Area, US"
Andrei,Victor,Barranquilla
Jaime,Chamdi,"Philadelphia, Pennsylvania"
Bob,Cortez Oliva,"São Paulo Area, Brazil, BR"
Hillary,Mueller,Huánuco
Nicolas,Sivaramamurthy,"Belfast, United Kingdom"
Murteza,Yu,"Moscow, Russia"
Luiz,Scalzadonna,Porto Alegre
Utkarsh,González,"Cartagena, Bolivar"
Hamida,Eltaweel,"Belo Horizonte, Brazil"
Michael,Navarro DuBois,Marcelândia
Zoraida,Markoski,"Dallas/Fort Worth Area, US"
Philipp,Sanchez,"Montreal, Quebec"
Paulo,Benavides Montenegro,"Tel Aviv, Israel"
Jing,Huerta Ramirez,"Valparaíso, Chile"
Anna,Sepulveda,"Melbourne, Victoria, Australia"
Thomas,Pokhrel,"Taipei, Taiwan"
Ricardo David,Olguín,"Greater Chicago Area, US"
Ivan,Bahuguna,"Moscow, Russia"
Aakash,Zhang,"Prague, Czech Republic"
AmirMohammad,Sabo,"Jayapura, Indonesia"
René,Tay,"Boston, Massachusetts"
Dave,Williams,"Seoul, Korea"
Djamal,Raafat,"Lima, Peru"
Helen,Kloezeman,Uberlândia
Cuong,Sant Anna,"Brussels, Belgium"
Ray,Yan,"Ankara, Turkey"
Hermes,Bao,"Kenya, KE"
Ishtiyaq,Facuse,"Toronto, Ontario"
Solange,Arnedillo,Arequipa
David,Astudillo,"Santiago, Chile"
Ilya,Pham,Porto Alegre
Fawn,Harter,"Maribor, Slovenia"
Simone,GALVEZ LOPEZ,"Istanbul, Turkey"
Jennifer,Schaefer,"Cardston, Alberta"
Marta,Liskov,"Santiago, Chile"
Aries,Meller,"San Francisco, California"
Jeff,Tolbert,"Barcelona, Spain"
Giovanni,Minhas,"Ho Chi Minh City, Vietnam"
Joost,Eng,"Nipomo, California"
Marwan,Dumbrava,"Curitiba, Brazil"
Boykin,Des Ètages,"Nizhni Novgorod, Russia"
Yacki,Ferreira,"Darmstadt, Hessen"
Ben,Uehara,"Humaitá, Amazonas"
Cristian,Saucedo,"Jersey City, New Jersey"
Sergio,Riot,"Tijuana, Baja California"
Dominic,Johnson,"Montevideo, Uruguay"
Anil Kumar,Chiu,"Santiago, Chile"
Francisco,Masry,"Santiago, Chile"
EA,Sawada,"Chicago, Illinois"
Marlon,Phan,"San Francisco, California"
Vladimir,Singh,"Buenos Aires, Argentina"
Angie,Oviedo,Kharagpur
Oskar,Vazquez,"Belgrade, Serbia"
Francesco,Sonja,"Greater Atlanta Area, US"
DiaNa,Gonzalez,"San Diego, California"
jose jan,Kropacsy,"Palma De Mallorca, Spain"
Peter,Bacelar,"Santa Cruz de la Sierra, Bolivia"
Marcos,Lee,"London, United Kingdom"
Guillermo,Raisinghani,"San Francisco, California"
Lee Peng,Churanova,"Chile, CL"
JOSE JULIO,Chanda,"Lima, Peru"
Takahiro,Muñoz,"New York, New York"
Ieva,Şeker,"Riyadh, Saudi Arabia"
Stavros,Castillo,"Dublin, Ireland"
Cheri,Ridley,"New York, New York"
Nicolaj,Valenzuela,"Houston, Texas"
Eveline,White,"Giza, Egypt"
Pablo,Ramirez,"Chennai, Tamil Nadu"
Arlo,Sarabia,"Reykjavík, Iceland"
Stefan,Ilagan,"San Diego, California"
Guive,Barlın,"Houston, Texas"
Karito,Reyes,"Valparaíso, Chile"
Aldo,Naiman,"West Hollywood, California"
Archer,Holloway,"Palo Alto, California"
Charlie,O Guerrero,"Penang, Malaysia, MY"
Ahmed,Henflen,"Yokosuka, Kanagawa"
Ian,Baylin,"Recife, Brazil"
Himanshu,Faden,"London, United Kingdom"
Андрей,Hagege,"Coquimbo, Chile"
Tina,Tan,"Los Angeles, California"
Ruta,Dyer,"Menlo Park, California"
Imran,AbdOu,"Santiago, Chile"
Iyad,Perea,"San Francisco Bay Area, US"
Daniel,Díaz Pardo,"Moscow, Russia"
David,Galloway,"Cambridge, Massachusetts"
Osvaldo,Ilievski,Vellore
Paula,Zaki,Cerro de Pasco
Misha,Marin Castillo,"São Paulo, Brazil"
Nimesh,Orozco,"Kadiköi, Istanbul, Turkey"
Yord,Perez,"Minneapolis, Minnesota"
Benjamin,Villalobos Araya,"Serra, Espirito Santo"
Ted,Bucatinschi,"Chile, CL"
Rajesh,Eldan Rivera,"Moscow, Russia"
Dani,Agrawal,"La Serena, Chile"
Tony,Le,"Chile, CL"
Gabriela,Lumbreras Mora,"Brasília, Brazil"
Maritza,Hosokawa,"Cairo, Egypt"
Tuấn,López,"Guayaquil, Ecuador"
Phil,Charalampidis,"Tbilisi, Georgia"
Célia,Colborn,"Madrid Area, Spain, ES"
Renew,Gallegos MacDonald,"Oxford, Oxfordshire"
Anneke,Kolachalam,"Washington, District of Columbia"
Julio Abraham,Baligh,"Walnut Creek, California"